{"cameraMode":{"drawMode":0,"name":"Shaded","section":"Shading Mode"},"sceneLighting":true,"audioPlay":false,"sceneViewState":{"showFog":true,"showMaterialUpdate":true,"showSkybox":true,"showFlares":false,"showImageEffects":true,"showParticleSystems":true},"in2DMode":false,"pivot":{"x":20.996936798095704,"y":3.0240559577941896,"z":158.17843627929688},"rotation":{"x":-0.27739986777305605,"y":0.07627858221530914,"z":-0.022099440917372705,"w":-0.9574667811393738},"size":150.26214599609376,"orthographic":false}