{"cameraMode":{"drawMode":0,"name":"Shaded","section":"Shading Mode"},"sceneLighting":true,"audioPlay":false,"sceneViewState":{"showFog":true,"showMaterialUpdate":true,"showSkybox":true,"showFlares":false,"showImageEffects":true,"showParticleSystems":true},"in2DMode":false,"pivot":{"x":20.975906372070314,"y":2.7140555381774904,"z":160.84445190429688},"rotation":{"x":-0.13748890161514283,"y":0.0326797179877758,"z":-0.004538403823971748,"w":-0.9899536967277527},"size":12.046875,"orthographic":false}